{"cameraMode":{"drawMode":0,"name":"Shaded","section":"Shading Mode"},"sceneLighting":true,"audioPlay":false,"sceneViewState":{"m_AlwaysRefresh":false,"showFog":true,"showSkybox":true,"showFlares":true,"showImageEffects":true,"showParticleSystems":true,"showVisualEffectGraphs":true,"m_FxEnabled":true},"in2DMode":false,"pivot":{"x":1.8501722812652588,"y":-0.19180035591125489,"z":2.5080273151397707},"rotation":{"x":0.08261938393115998,"y":0.8731589317321777,"z":-0.453255832195282,"w":0.15915951132774354},"size":1.0886982679367066,"orthographic":false}