{"cameraMode":{"drawMode":0,"name":"Shaded","section":"Shading Mode"},"sceneLighting":true,"audioPlay":false,"sceneViewState":{"m_AlwaysRefresh":false,"showFog":true,"showSkybox":true,"showFlares":true,"showImageEffects":true,"showParticleSystems":true,"showVisualEffectGraphs":true,"m_FxEnabled":true},"in2DMode":false,"pivot":{"x":2.434767246246338,"y":1.1934258937835694,"z":1.6907376050949097},"rotation":{"x":0.0013883906649425626,"y":0.9574301838874817,"z":-0.004604891408234835,"w":0.28863221406936648},"size":2.050758123397827,"orthographic":false}