{"cameraMode":{"drawMode":0,"name":"Shaded","section":"Shading Mode"},"sceneLighting":true,"audioPlay":false,"sceneViewState":{"m_AlwaysRefresh":false,"showFog":true,"showSkybox":true,"showFlares":true,"showImageEffects":true,"showParticleSystems":true,"showVisualEffectGraphs":true,"m_FxEnabled":true},"in2DMode":false,"pivot":{"x":0.12180924415588379,"y":1.023104190826416,"z":-5.391057968139648},"rotation":{"x":-0.07285062223672867,"y":-0.08754272758960724,"z":0.006421227939426899,"w":-0.9934762716293335},"size":2.7918899059295656,"orthographic":false}