{"cameraMode":{"drawMode":0,"name":"Shaded","section":"Shading Mode"},"sceneLighting":true,"audioPlay":false,"sceneViewState":{"m_AlwaysRefresh":false,"showFog":true,"showSkybox":true,"showFlares":true,"showImageEffects":true,"showParticleSystems":true,"showVisualEffectGraphs":true,"m_FxEnabled":true},"in2DMode":false,"pivot":{"x":0.2234148383140564,"y":1.8700804710388184,"z":0.703737199306488},"rotation":{"x":-0.0030576298013329508,"y":0.9956890940666199,"z":0.03555161505937576,"w":0.08564110845327378},"size":1.4441533088684083,"orthographic":false}