{"cameraMode":{"drawMode":0,"name":"Shaded","section":"Shading Mode"},"sceneLighting":true,"audioPlay":false,"sceneViewState":{"m_AlwaysRefresh":false,"showFog":true,"showSkybox":true,"showFlares":true,"showImageEffects":true,"showParticleSystems":true,"showVisualEffectGraphs":true,"m_FxEnabled":true},"in2DMode":false,"pivot":{"x":-5.055697441101074,"y":5.1116814613342289,"z":-6.934938430786133},"rotation":{"x":-0.2577732503414154,"y":0.06428902596235275,"z":-0.017192598432302476,"w":-0.9639111161231995},"size":1.0308362245559693,"orthographic":false}